,es,ori_es,lr_coef
5:149433886:C:T,0.1,0.1,0.2972707821522052
5:149433887:G:A,0.1,0.1,0.053567519325254866
5:149433888:C:G,0.1,0.1,-0.24020983555338546
5:149433902:C:T,0.10161510300581875,0.1,0.4014465227448807
5:149433931:A:G,0.14398125842644816,0.1,0.023760336226850604
5:149433939:G:A,0.14410368166696985,0.1,-0.11656393923983786
5:149433947:G:A,0.1514318454346321,0.1,0.8449561937272605
5:149433949:C:T,0.15180863886836354,0.1,0.06021099120019815
5:149433977:C:G,0.1572691384115372,0.1,-0.07060598465034841
5:149433984:G:T,0.15986521650221114,0.1,0.7435805574792315
5:149433990:G:A,0.1,0.1,-0.07454033669537481
5:149433995:T:C,0.1,0.1,0.9949192513439191
5:149434822:G:T,0.15307034643050463,0.1,0.2796229988783668
5:149434825:G:A,0.15215307488900698,0.1,-0.4814579898155866
5:149434830:A:G,0.16585998387131906,0.1,-0.1279660086921682
5:149434832:T:G,0.15790019681305859,0.1,-0.12533009434531583
5:149434848:A:C,0.1370448682681751,0.1,0.03526677531179409
5:149434851:A:C,0.1,0.1,-0.5686784382007262
5:149434851:A:G,0.1258697564621711,0.1,-0.36504546070714083
5:149434888:A:G,0.15052288056781815,0.1,-0.03622803130507504
5:149434892:A:T,0.14292364155340803,0.1,0.7589328923835233
5:149435597:A:G,0.15049460440630852,0.1,0.13828411700996382
5:149435602:C:G,0.16592750960742164,0.1,-0.917002553436145
5:149435606:C:G,0.1811917976803671,0.1,0.8938317273872048
5:149435608:G:C,0.1,0.1,0.017498351233614033
5:149435612:A:G,0.17223083089686958,0.1,0.6657136250347622
5:149435615:A:T,0.17414863341011666,0.1,0.1615181062176112
5:149435616:T:A,0.17414863341011666,0.1,0.26444139882304424
5:149435631:C:G,0.16761121407785579,0.1,1.031254487223194
5:149435634:C:A,0.1502959560608133,0.1,0.0995189052086055
5:149435635:G:A,0.14342552052871566,0.1,0.5678961373859363
5:149433635:G:C,0.0,0.0,-0.3314226691300255
5:149433648:T:C,0.0,0.0,0.19375585253620875
5:149433672:G:A,0.0,0.0,-0.15551729143935553
5:149433673:C:T,0.0,0.0,0.39731441596131456
5:149433676:T:C,0.0,0.0,0.36492660054821424
5:149433682:C:G,0.0,0.0,0.24757235105820963
5:149433688:C:T,0.0,0.0,0.13574499693246606
5:149433690:C:T,0.0,0.0,-0.24897218645590877
5:149433691:A:G,0.0,0.0,-0.24859900342236685
5:149433693:C:T,0.0,0.0,-0.5075218529181996
5:149433694:A:G,0.0,0.0,-0.29271123196563215
5:149433696:G:A,0.0,0.0,-0.37790282664454555
5:149433696:G:T,0.0,0.0,-0.4731017004456542
5:149433700:G:T,0.0,0.0,0.32948323100563087
5:149433701:G:T,0.0,0.0,0.12721244806237472
5:149433708:C:A,0.0,0.0,-0.47832501578411823
5:149433711:G:C,0.0,0.0,-0.4058062016803066
5:149433713:G:C,0.0,0.0,0.5306475551745629
5:149433728:C:G,0.0,0.0,0.2278881324771029
5:149433739:T:C,0.0,0.0,0.16310153467785227
5:149433741:C:G,0.0,0.0,0.24273976768986402
5:149433742:T:C,0.0,0.0,-0.02664322543928522
5:149433745:C:T,0.0,0.0,-0.16487503632032155
5:149433748:T:C,0.0,0.0,-0.5946287533983042
5:149433754:C:T,0.0,0.0,-0.14304380823282234
5:149433756:C:T,0.0,0.0,-0.12196469785236362
5:149433757:T:C,0.0,0.0,-0.5959401796716011
5:149433759:C:T,0.0,0.0,-0.3312861513281217
5:149433768:C:T,0.0,0.0,0.08002517613562066
5:149433771:G:T,0.0,0.0,0.21947246317784466
5:149433771:G:A,0.0,0.0,0.09121556028246536
5:149433780:G:A,0.0,0.0,-0.028681319070848494
5:149433780:G:T,0.0,0.0,0.8601799815275324
5:149433785:G:C,0.0,0.0,0.3858742692286362
5:149433890:C:T,0.0,0.0,-0.36425115554121934
5:149433892:C:G,0.0,0.0,-0.021856664122702874
5:149433893:T:C,0.0,0.0,-0.12626093307457192
5:149433907:G:T,0.0,0.0,-0.22006277279190542
5:149433908:C:G,0.0,0.0,0.5097040700188152
5:149433908:C:T,0.0,0.0,-0.19658585859392688
5:149433943:G:T,0.0,0.0,0.2273218112543867
5:149433976:G:C,0.0,0.0,0.44487192980327295
5:149433986:T:C,0.0,0.0,-0.0467935695318965
5:149433993:T:C,0.0,0.0,0.2345401901216404
5:149434806:T:G,0.0,0.0,0.1327815937396129
5:149434824:T:C,0.0,0.0,-0.5424354762544519
5:149434841:A:C,0.0,0.0,0.08061309473765549
5:149434855:T:G,0.0,0.0,0.0894952642999882
5:149434870:T:C,0.0,0.0,0.1259560923851805
5:149435599:G:C,0.0,0.0,-0.27486885794513755
5:149435643:C:A,0.0,0.0,0.19224286233956725
5:149435643:C:T,0.0,0.0,-0.07981678218283945
5:149435645:G:A,0.0,0.0,-0.7701347183574991
5:149435699:G:A,0.0,0.0,0.49511299179311963
5:149435801:T:C,0.0,0.0,0.080417544920147
5:149435802:T:G,0.0,0.0,0.19028005003043533
5:149435804:G:C,0.0,0.0,0.2733968533478712
5:149435808:C:T,0.0,0.0,-0.03874610797105174
5:149435817:T:C,0.0,0.0,0.3514235468906347
5:149435861:T:C,0.0,0.0,-0.12516544854377493
5:149435862:T:C,0.0,0.0,0.2819753008720518
5:149435889:C:T,0.0,0.0,-0.4404441476502709
5:149436860:G:A,0.0,0.0,-0.190673163426171
5:149436869:G:C,0.0,0.0,-0.5874859909352916
5:149436870:C:T,0.0,0.0,0.3243259647336596
5:149436886:T:G,0.0,0.0,-0.061682688011083536
5:149436897:A:G,0.0,0.0,-0.01044256740252491
5:149436898:G:C,0.0,0.0,0.1289765804992629
5:149436900:G:A,0.0,0.0,0.7161045793983287
5:149436908:T:A,0.0,0.0,-0.4586907673532558
5:149436909:C:T,0.0,0.0,0.711004495511398
5:149436912:G:A,0.0,0.0,-0.03402914506000524
5:149436914:A:C,0.0,0.0,-0.09351642422709201
5:149436917:T:A,0.0,0.0,-0.6370594788765194
5:149436926:C:T,0.0,0.0,-0.33424377172554304
5:149436927:G:A,0.0,0.0,-0.15470665714701315
5:149437073:C:T,0.0,0.0,-0.14509799508821505
5:149437081:G:T,0.0,0.0,0.4671610250152988
5:149437082:A:C,0.0,0.0,-0.2084374811955556
5:149437091:A:G,0.0,0.0,0.06353655100164698
5:149437096:G:T,0.0,0.0,0.30466028827821184
5:149437100:A:G,0.0,0.0,-0.11036243120694927
5:149437103:C:T,0.0,0.0,-0.025868597049800917
5:149437106:G:A,0.0,0.0,-0.04866516190091264
5:149437106:G:C,0.0,0.0,0.12659352865241053
5:149437106:G:T,0.0,0.0,0.29394051548078654
5:149437110:C:T,0.0,0.0,-0.007496072398707111
5:149437111:A:C,0.0,0.0,0.3550598048746541
5:149437111:A:G,0.0,0.0,-0.0009707971983342116
5:149437114:T:C,0.0,0.0,-0.18679358106398428
5:149437121:A:G,0.0,0.0,0.5968265694459456
5:149437138:C:G,0.0,0.0,-0.5638174146419005
5:149437141:G:A,0.0,0.0,0.1620887649416734
5:149437153:T:C,0.0,0.0,-0.3137708713764605
5:149439267:G:A,0.0,0.0,-0.7079636089000474
5:149439276:T:G,0.0,0.0,-0.3819708233701968
5:149439278:T:C,0.0,0.0,0.07582418801831063
5:149439279:T:C,0.0,0.0,-0.19457275410688976
5:149439281:T:G,0.0,0.0,0.0012874183210670987
5:149439282:C:T,0.0,0.0,-0.3911361542781232
5:149439297:T:C,0.0,0.0,0.38123576437712486
5:149439299:T:C,0.0,0.0,0.111225846078831
5:149439303:C:T,0.0,0.0,0.2669220904937623
5:149439306:C:T,0.0,0.0,0.2769744246915781
5:149439315:C:G,0.0,0.0,-0.3051722745013203
5:149439315:C:T,0.0,0.0,-0.2452955222829096
5:149439321:C:T,0.0,0.0,0.33648570918172066
5:149439322:C:G,0.0,0.0,0.3683029351813347
5:149439323:T:C,0.0,0.0,-0.48595727420919255
5:149439327:C:T,0.0,0.0,-0.06873565158531948
5:149439344:C:T,0.0,0.0,-0.20638232132921228
5:149439345:C:G,0.0,0.0,-0.3629838838803073
5:149439345:C:T,0.0,0.0,0.0021943224810813573
5:149439347:A:G,0.0,0.0,-1.485961308930323
5:149439351:T:C,0.0,0.0,0.5436073411937509
5:149439353:G:A,0.0,0.0,0.08498040972787425
5:149439362:T:G,0.0,0.0,-0.3367488675694652
5:149439377:T:G,0.0,0.0,0.24455668265863345
5:149439380:A:T,0.0,0.0,-0.158959178349456
5:149439404:T:A,0.0,0.0,0.24950054862614202
5:149439407:G:A,0.0,0.0,0.2714813048970497
5:149439414:C:T,0.0,0.0,0.06871391761556088
5:149439419:A:G,0.0,0.0,-0.8383133311956985
5:149439422:G:T,0.0,0.0,0.29892963392601557
5:149439425:C:T,0.0,0.0,0.13934289866311977
5:149440425:C:G,0.0,0.0,0.1446737386651605
5:149440451:T:C,0.0,0.0,-0.6583706187790169
5:149440455:C:T,0.0,0.0,-0.5384065668249011
5:149440464:C:T,0.0,0.0,0.4826789182832142
5:149440481:C:G,0.0,0.0,-0.2805215565047888
5:149440489:C:G,0.0,0.0,0.24158438635935547
5:149440501:C:T,0.0,0.0,-0.26364954434575266
5:149440502:A:G,0.0,0.0,-0.07224166399197403
5:149440509:C:A,0.0,0.0,0.42106749229954843
5:149440511:T:G,0.0,0.0,-0.2040574015496579
5:149440515:T:C,0.0,0.0,0.07210857890804552
5:149440518:C:T,0.0,0.0,-0.14956023245108613
5:149440529:G:A,0.0,0.0,-0.7017080064445009
5:149440532:G:A,0.0,0.0,0.3397222823926963
5:149440532:G:T,0.0,0.0,0.18756639108820178
5:149441084:C:T,0.0,0.0,0.2722043089959704
5:149441089:T:G,0.0,0.0,0.6598954343541897
5:149441091:C:A,0.0,0.0,0.3558467005311415
5:149441096:T:C,0.0,0.0,0.1261167977272869
5:149441096:T:G,0.0,0.0,-0.19592809744012293
5:149441102:G:T,0.0,0.0,0.43236887879159464
5:149441153:T:A,0.0,0.0,-0.016703497604054502
5:149441295:G:C,0.0,0.0,0.03283087281857615
5:149441322:C:T,0.0,0.0,0.33221437038834684
5:149441324:T:G,0.0,0.0,-0.6472643059563133
5:149441331:G:T,0.0,0.0,0.48511214206326986
5:149441339:G:A,0.0,0.0,0.346323277105198
5:149441342:G:A,0.0,0.0,0.07293086384461425
5:149441354:G:A,0.0,0.0,0.01816292528656733
5:149441357:T:A,0.0,0.0,-0.5454028988205389
5:149441357:T:C,0.0,0.0,0.34533549185209084
5:149441379:C:T,0.0,0.0,0.08742783315581233
5:149441389:C:G,0.0,0.0,0.32231664915764385
5:149441391:A:T,0.0,0.0,-0.2314665999307787
5:149441393:C:T,0.0,0.0,-0.16227336920177277
5:149441394:G:A,0.0,0.0,-0.33284494598422754
5:149441397:C:T,0.0,0.0,-0.008234180998784472
5:149441398:C:A,0.0,0.0,0.6138633119585917
5:149441399:T:C,0.0,0.0,-0.13618045359076592
5:149441408:G:A,0.0,0.0,0.17813487349718507
5:149447788:T:G,0.0,0.0,-0.04473161056632408
5:149447793:C:A,0.0,0.0,-0.16123908473581255
5:149447801:G:T,0.0,0.0,-0.07220270401038112
5:149447828:T:G,0.0,0.0,-0.42702827726080284
5:149447837:T:G,0.0,0.0,0.2632328462108937
5:149447839:C:T,0.0,0.0,-0.06485464310116781
5:149447843:C:T,0.0,0.0,-0.1935707332008489
5:149447846:C:A,0.0,0.0,0.5168217103874456
5:149447849:C:G,0.0,0.0,-0.6839237484811641
5:149447857:G:A,0.0,0.0,-0.15528224404991656
5:149447863:A:T,0.0,0.0,-0.2198197030858376
5:149447872:T:G,0.0,0.0,1.0767982865956103
5:149447873:C:G,0.0,0.0,0.36536684027215843
5:149447875:G:A,0.0,0.0,0.03732285483828716
5:149447876:G:C,0.0,0.0,-1.6069317390478186
5:149447879:G:A,0.0,0.0,0.6329665069876014
5:149447887:T:G,0.0,0.0,0.17784533514076273
5:149449439:C:A,0.0,0.0,0.8127680097723643
5:149449445:T:C,0.0,0.0,0.12332204553324408
5:149449450:A:T,0.0,0.0,0.2933829904710781
5:149449454:A:G,0.0,0.0,-0.02268274185805387
5:149449457:C:T,0.0,0.0,0.3250429513701383
5:149449466:C:T,0.0,0.0,-0.6224131879335278
5:149449467:A:C,0.0,0.0,0.13211968290043438
5:149449475:C:T,0.0,0.0,-0.22725863057846843
5:149449483:T:C,0.0,0.0,0.06763214809623372
5:149449484:G:A,0.0,0.0,-0.501680693030283
5:149449496:C:G,0.0,0.0,0.17592335665919148
5:149449504:T:C,0.0,0.0,-0.530355775849192
5:149449510:T:G,0.0,0.0,0.20277921599711518
5:149449514:C:G,0.0,0.0,-0.5450644891338887
5:149449544:C:A,0.0,0.0,0.2784075167160409
5:149449546:G:A,0.0,0.0,-0.023123838653793777
5:149449547:T:C,0.0,0.0,0.3895419847545795
5:149449549:A:C,0.0,0.0,0.28201546860057647
5:149449554:G:C,0.0,0.0,0.6109800625649259
5:149449565:C:T,0.0,0.0,-0.004703210408849141
5:149449577:C:G,0.0,0.0,-0.1166897383359806
5:149449578:C:G,0.0,0.0,0.11565792916842212
5:149449582:G:A,0.0,0.0,-0.6151900183526295
5:149449585:T:C,0.0,0.0,0.6029014752265323
5:149449594:T:A,0.0,0.0,-0.42893313912491154
5:149449601:C:G,0.0,0.0,-0.4334243021802303
5:149449619:C:T,0.0,0.0,0.4630564986513449
5:149449620:A:T,0.0,0.0,0.5269305208232661
5:149449625:A:T,0.0,0.0,0.03384944106941552
5:149449748:T:G,0.0,0.0,0.44784610856786045
5:149449749:C:T,0.0,0.0,0.5557264134502916
5:149449779:C:T,0.0,0.0,-0.0495738184287469
5:149449781:T:C,0.0,0.0,-0.025753663718777506
5:149449815:G:T,0.0,0.0,-0.8761989918205707
5:149449823:G:A,0.0,0.0,0.002461108424710753
5:149449823:G:C,0.0,0.0,-0.5872866483179374
5:149449824:A:G,0.0,0.0,0.234153168196333
5:149449826:C:A,0.0,0.0,-0.2071248572916259
5:149449839:T:A,0.0,0.0,0.10904957465335405
5:149449843:T:C,0.0,0.0,0.34360802606676544
5:149449856:T:C,0.0,0.0,0.028150334624745355
5:149450021:C:A,0.0,0.0,-0.1006086831912136
5:149450021:C:T,0.0,0.0,-0.5067423947985992
5:149450039:G:A,0.0,0.0,-0.05689705020089445
5:149450060:G:A,0.0,0.0,0.18758326204263848
5:149450076:A:G,0.0,0.0,0.27992525336907814
5:149450084:C:T,0.0,0.0,-0.09645893088499939
5:149450108:C:A,0.0,0.0,-0.40876596533805604
5:149450108:C:T,0.0,0.0,-0.6581000825469583
5:149450109:G:T,0.0,0.0,0.15885187600638978
5:149450117:G:A,0.0,0.0,-0.13457182413027766
5:149450123:G:A,0.0,0.0,-0.2541151458206617
5:149450129:G:T,0.0,0.0,-0.746293359688929
5:149450129:G:A,0.0,0.0,-0.2813216477999503
5:149450133:G:A,0.0,0.0,-0.25246746623205285
5:149452864:C:T,0.0,0.0,-0.0019398483154986215
5:149452867:T:C,0.0,0.0,0.5057452087908145
5:149452882:G:T,0.0,0.0,-0.14505670263168138
5:149452892:C:A,0.0,0.0,0.18451797430129702
5:149452900:G:A,0.0,0.0,0.23574873246967798
5:149452901:G:T,0.0,0.0,-0.5290503159444845
5:149452901:G:A,0.0,0.0,-0.35916632233165013
5:149452903:T:C,0.0,0.0,-0.7145730908486555
5:149452904:C:T,0.0,0.0,0.343987802126151
5:149452908:C:A,0.0,0.0,0.041512361982420413
5:149452909:T:G,0.0,0.0,0.09814878395901507
5:149452913:G:C,0.0,0.0,-0.5700717122293913
5:149452916:C:T,0.0,0.0,0.025858408799481494
5:149452936:G:A,0.0,0.0,-0.3181547778565102
5:149452967:C:A,0.0,0.0,0.22450079271291865
5:149452972:A:C,0.0,0.0,0.24046282996441506
5:149452979:C:T,0.0,0.0,0.016034223984201738
5:149452994:C:T,0.0,0.0,0.7469582078968868
5:149452995:C:G,0.0,0.0,-0.05289474022889348
5:149452999:C:T,0.0,0.0,0.1712826856068604
5:149453000:C:T,0.0,0.0,-0.07928452790187251
5:149453017:A:T,0.0,0.0,-0.7510301510595251
5:149453017:A:C,0.0,0.0,-0.026657169204086013
5:149453021:G:A,0.0,0.0,0.38679558026160615
5:149453022:G:C,0.0,0.0,0.23959260871349938
5:149453050:G:A,0.0,0.0,-0.7395864559115558
5:149456845:C:G,0.0,0.0,-0.5664505514964222
5:149456848:G:A,0.0,0.0,-0.16249610738166737
5:149456855:C:A,0.0,0.0,-0.22602413828921533
5:149456866:A:G,0.0,0.0,0.1863468243657075
5:149456874:C:T,0.0,0.0,-0.26949982962925967
5:149456881:C:T,0.0,0.0,0.20733282814238582
5:149456890:C:A,0.0,0.0,-0.050210528398293236
5:149456908:C:T,0.0,0.0,-0.17858587544176963
5:149456921:A:T,0.0,0.0,0.28558543058020547
5:149456923:C:A,0.0,0.0,0.36380133168047923
5:149456927:T:A,0.0,0.0,-0.08797078086542469
5:149456932:C:T,0.0,0.0,0.48950544709064
5:149456934:A:G,0.0,0.0,-0.29665334848898767
5:149456943:G:T,0.0,0.0,0.532280643995638
5:149456947:G:C,0.0,0.0,0.36609394543527407
5:149456961:C:T,0.0,0.0,-0.0700451836196114
5:149456962:G:A,0.0,0.0,-0.06644623242830094
5:149456968:T:C,0.0,0.0,-0.10199052670748052
5:149456989:G:A,0.0,0.0,0.1317534132562902
5:149456991:A:G,0.0,0.0,0.4185590532244309
5:149456998:G:A,0.0,0.0,-0.24516968940491915
5:149457680:T:C,0.0,0.0,0.5241423019518268
5:149457682:T:C,0.0,0.0,-0.9719608331456112
5:149457682:T:G,0.0,0.0,-0.5248034932775493
5:149457686:T:C,0.0,0.0,-0.6509614251228562
5:149457695:G:A,0.0,0.0,0.5160758227162928
5:149457700:A:C,0.0,0.0,0.2314526432758196
5:149457703:T:G,0.0,0.0,-0.09659714955785137
5:149457704:C:A,0.0,0.0,0.06807974018088755
5:149457714:A:C,0.0,0.0,-0.016566094701183833
5:149457719:C:T,0.0,0.0,0.5335319848450754
5:149457728:C:A,0.0,0.0,-0.16059434178919996
5:149457736:A:G,0.0,0.0,0.47586844990769217
5:149457737:C:T,0.0,0.0,-0.03372684371738757
5:149457738:G:C,0.0,0.0,0.4473818087109648
5:149457745:G:A,0.0,0.0,0.5660136852959473
5:149457748:G:T,0.0,0.0,0.3915696914450183
5:149457767:C:T,0.0,0.0,-0.11426456576504931
5:149457769:A:T,0.0,0.0,-0.37167839513694656
5:149457770:G:C,0.0,0.0,-0.012082279704001995
5:149457775:G:T,0.0,0.0,0.16963835516841247
5:149457782:C:G,0.0,0.0,0.1331705603032484
5:149457785:G:C,0.0,0.0,0.13013843094583677
5:149457794:C:G,0.0,0.0,-0.48246087365939266
5:149457802:C:G,0.0,0.0,0.41885224632898416
5:149457803:C:G,0.0,0.0,-0.007597521508123683
5:149457806:G:A,0.0,0.0,-0.6596880247814403
5:149457809:T:C,0.0,0.0,-0.4600243204527828
5:149459632:C:A,0.0,0.0,-0.055690045908172066
5:149459632:C:T,0.0,0.0,-0.3766386012241828
5:149459633:G:A,0.0,0.0,0.6510037376136457
5:149459657:T:C,0.0,0.0,0.0636927060300959
5:149459663:C:A,0.0,0.0,0.3989486951859253
5:149459669:G:C,0.0,0.0,-0.4360812625576734
5:149459672:C:T,0.0,0.0,-0.3974094923749601
5:149459674:C:G,0.0,0.0,0.7566481661836687
5:149459675:T:C,0.0,0.0,0.42847811421850945
5:149459686:T:A,0.0,0.0,-0.16094306543888323
5:149459708:C:A,0.0,0.0,0.2962143509185503
5:149459710:C:T,0.0,0.0,0.2992446202743422
5:149459720:T:C,0.0,0.0,0.37251820128743035
5:149459723:A:G,0.0,0.0,0.2523575727730868
5:149459729:G:A,0.0,0.0,-0.36606014722994606
5:149459734:G:A,0.0,0.0,0.2305442801963059
5:149459737:G:A,0.0,0.0,0.4051005450968342
5:149459749:T:C,0.0,0.0,-0.3867938988222466
5:149459759:G:A,0.0,0.0,0.07548519739310351
5:149459770:C:T,0.0,0.0,-0.37045424276578576
5:149459776:C:T,0.0,0.0,-0.28243545030903827
5:149459777:G:A,0.0,0.0,0.1259704432513291
5:149459782:C:T,0.0,0.0,-0.1899904526356572
5:149459783:G:A,0.0,0.0,0.16735161287563854
5:149459786:C:T,0.0,0.0,-0.6506802144820921
5:149459791:G:A,0.0,0.0,0.07166318449333937
5:149459795:C:T,0.0,0.0,0.2814339956803394
5:149459806:A:G,0.0,0.0,-0.2798928564476176
5:149459813:G:C,0.0,0.0,-0.2479192129592792
5:149459814:G:C,0.0,0.0,-0.015084748295911393
5:149459840:C:T,0.0,0.0,-0.15956262045234268
5:149459845:T:C,0.0,0.0,-0.35976194666213807
5:149459847:G:C,0.0,0.0,-0.2338466729678023
5:149459852:C:G,0.0,0.0,0.2119697943342098
5:149459855:A:G,0.0,0.0,-0.10457039231886531
5:149459858:C:T,0.0,0.0,0.15642898242307174
5:149459865:C:A,0.0,0.0,0.026286880225715906
5:149459876:G:T,0.0,0.0,0.02125724671844045
5:149459879:C:T,0.0,0.0,0.07492652852204988
5:149459881:T:C,0.0,0.0,0.10490355691480609
5:149459888:G:A,0.0,0.0,0.15131933867127687
5:149459890:C:T,0.0,0.0,-0.5556982313704723
5:149459893:G:A,0.0,0.0,-0.3682320851348514
5:149459894:C:T,0.0,0.0,-0.5387945475119467
5:149459898:G:T,0.0,0.0,-0.46780471785421046
5:149460332:T:G,0.0,0.0,0.7266907210621519
5:149460332:T:C,0.0,0.0,-0.38438121027841554
5:149460347:A:T,0.0,0.0,-0.16789703040598133
5:149460351:C:T,0.0,0.0,-0.310049243434423
5:149460354:C:T,0.0,0.0,0.20289215024213256
5:149460360:C:T,0.0,0.0,-0.47152800668782013
5:149460365:A:C,0.0,0.0,0.09186434545742223
5:149460379:C:A,0.0,0.0,-0.5919725741748885
5:149460381:C:G,0.0,0.0,0.36784046573612633
5:149460389:C:T,0.0,0.0,-0.3977009699823835
5:149460390:G:A,0.0,0.0,-0.03175566658667044
5:149460390:G:T,0.0,0.0,-0.28260855726534245
5:149460401:G:C,0.0,0.0,-0.05688000257424004
5:149460402:T:C,0.0,0.0,0.4076522423133613
5:149460414:T:A,0.0,0.0,-0.13661402972612113
5:149460417:C:T,0.0,0.0,-0.1167449518317022
5:149460420:T:C,0.0,0.0,0.032061444850697854
5:149460425:G:T,0.0,0.0,-0.023266434572233007
5:149460426:T:A,0.0,0.0,-0.2953118095829717
5:149460434:A:G,0.0,0.0,0.2882436144021793
5:149460437:C:T,0.0,0.0,-0.06409147597218545
5:149460439:G:T,0.0,0.0,-0.24117509275108817
5:149460441:T:C,0.0,0.0,0.19386788927726212
5:149460446:C:A,0.0,0.0,0.005052074498314146
5:149460446:C:T,0.0,0.0,-0.2619392680672466
5:149460450:C:G,0.0,0.0,0.16856008369188472
5:149460456:A:G,0.0,0.0,-0.14159916058252386
5:149460458:A:G,0.0,0.0,-0.008453178052233749
5:149460465:A:G,0.0,0.0,-0.05074206922047135
5:149460466:G:C,0.0,0.0,-0.17467884214117235
5:149460476:G:C,0.0,0.0,-0.09512698587067935
5:149460476:G:T,0.0,0.0,-0.06868147850793944
5:149460477:G:A,0.0,0.0,0.2138846847531102
5:149460479:G:A,0.0,0.0,0.16427815293783865
5:149460482:C:A,0.0,0.0,0.13630748572933674
5:149460484:A:T,0.0,0.0,-0.5016549554762137
5:149460487:C:A,0.0,0.0,-0.3314559688889815
5:149460490:T:G,0.0,0.0,-0.11440790583084175
5:149460492:C:T,0.0,0.0,-0.5795994629674868
5:149460498:T:C,0.0,0.0,-0.3856490990843903
5:149460507:C:T,0.0,0.0,0.19284290663908857
5:149460515:C:T,0.0,0.0,0.1609971926516865
5:149460527:G:A,0.0,0.0,0.21128337984638149
5:149460533:C:G,0.0,0.0,0.444031587048255
5:149460534:C:T,0.0,0.0,0.0558652995978734
5:149460543:C:T,0.0,0.0,-0.2336525637854187
5:149460552:C:T,0.0,0.0,0.19996101960703233
5:149460560:C:T,0.0,0.0,0.06307210040936549
5:149460569:A:G,0.0,0.0,-0.5853919357842602
5:149460576:G:A,0.0,0.0,0.19425585520787275
5:149460576:G:T,0.0,0.0,-0.3649054585400676
5:149465950:G:A,0.0,0.0,-0.7446243911037884
5:149465960:C:T,0.0,0.0,-0.24409602070845526
5:149465971:A:C,0.0,0.0,-0.05661851883772819
5:149465974:A:G,0.0,0.0,0.7307491920824133
